[{"C:\\Sublime Text 3\\Data\\Packages\\User\\Markdown.sublime-settings": "UTF-8"}, {"C:\\Sublime Text 3\\Data\\Packages\\User\\Default (Windows).sublime-keymap": "ASCII"}, {"D:\\projects\\2048\\js\\main.js": "UTF-8"}, {"D:\\projects\\2048\\js\\animation.js": "UTF-8"}, {"D:\\projects\\2048\\js\\support.js": "UTF-8"}, {"D:\\projects\\2048\\css\\style.css": "ASCII"}, {"d:\\Users\\User\\Desktop\\08.iframe\u6807\u7b7e.html": "UTF-8"}, {"d:\\Users\\User\\Desktop\\07.frameset\u6807\u7b7e.html": "UTF-8"}, {"d:\\Users\\User\\Desktop\\06.\u8868\u5355\u5143\u7d20\u65b0\u589e\u5c5e\u6027.HTML": "UTF-8"}, {"d:\\Users\\User\\Desktop\\04.H5\u65b0\u589e\u8868\u5355\u5143\u7d20.HTML": "UTF-8"}, {"d:\\Users\\User\\Desktop\\05.\u8868\u5355\u5143\u7d20-2.HTML": "UTF-8"}, {"d:\\Users\\User\\Desktop\\02.\u6587\u6863\u7ed3\u6784\u5316\u6807\u7b7e\u7ec3\u4e60.HTML": "UTF-8"}, {"d:\\Users\\User\\Desktop\\01.\u6587\u6863\u7ed3\u6784\u5316\u6807\u7b7e.HTML": "UTF-8"}, {"d:\\Users\\User\\Desktop\\14.\u4f5c\u4e1a\uff1a\u767e\u5ea6\u767e\u79d1.html": "UTF-8"}, {"d:\\Users\\User\\Desktop\\13.\u5c0f\u7ec3\u4e60.html": "UTF-8"}, {"d:\\Users\\User\\Desktop\\12.div\u6807\u7b7e.html": "UTF-8"}, {"d:\\Users\\User\\Desktop\\11.\u6c34\u5e73\u7ebf\u6807\u7b7e\u7ec3\u4e601.html": "UTF-8"}, {"d:\\Users\\User\\Desktop\\10.\u6c34\u5e73\u7ebf\u6807\u7b7e.html": "UTF-8"}, {"d:\\Users\\User\\Desktop\\09.\u56fe\u50cf\u6807\u7b7e\u7ec3\u4e60.html": "UTF-8"}, {"d:\\Users\\User\\Desktop\\08.\u56fe\u50cf\u6807\u7b7e.html": "UTF-8"}, {"d:\\Users\\User\\Desktop\\07.\u5217\u8868\u6807\u7b7e\u7ec3\u4e602.html": "UTF-8"}, {"d:\\Users\\User\\Desktop\\06.\u5217\u8868\u6807\u7b7e\u7ec3\u4e601.html": "UTF-8"}, {"d:\\Users\\User\\Desktop\\05.\u5217\u8868\u6807\u7b7e.html": "UTF-8"}, {"d:\\Users\\User\\Desktop\\04.\u6807\u9898\u6807\u7b7e.html": "UTF-8"}, {"d:\\Users\\User\\Desktop\\03.\u6bb5\u843d\u6807\u7b7e.html": "UTF-8"}, {"d:\\Users\\User\\Desktop\\02.\u5b9e\u4f53\u5b57\u7b26.html": "UTF-8"}, {"d:\\Users\\User\\Desktop\\01.\u6211\u7684\u7b2c\u4e00\u4e2a\u7f51\u9875.html": "UTF-8"}, {"d:\\Users\\User\\Desktop\\\u9636\u6bb5\u4e00\\7 \u5f02\u5e38\u5904\u7406\u673a\u5236\\\u7b14\u8bb0&\u4ee3\u7801\\mypro07\\src\\mypro072\\ExceptionTest03.java": "GB2312"}, {"d:\\Users\\User\\Desktop\\\u9636\u6bb5\u4e00\\7 \u5f02\u5e38\u5904\u7406\u673a\u5236\\\u7b14\u8bb0&\u4ee3\u7801\\mypro07\\src\\mypro072\\ExceptionTest02.java": "GB2312"}, {"d:\\Users\\User\\Desktop\\\u9636\u6bb5\u4e00\\7 \u5f02\u5e38\u5904\u7406\u673a\u5236\\\u7b14\u8bb0&\u4ee3\u7801\\mypro07\\src\\mypro072\\ExceptionTest.java": "GB2312"}, {"d:\\Users\\User\\Desktop\\\u9636\u6bb5\u4e00\\7 \u5f02\u5e38\u5904\u7406\u673a\u5236\\\u7b14\u8bb0&\u4ee3\u7801\\Exception Demo\\FileTest.java": "GB2312"}, {"d:\\Users\\User\\Desktop\\\u9636\u6bb5\u4e00\\3 \u6d41\u7a0b\u63a7\u5236\\\u7b14\u8bb0&\u4ee3\u7801\\mypro03\\src\\mypro03\\Test02.java": "GB2312"}, {"d:\\Users\\User\\Desktop\\\u9636\u6bb5\u4e00\\3 \u6d41\u7a0b\u63a7\u5236\\\u7b14\u8bb0&\u4ee3\u7801\\mypro03\\src\\mypro03\\Test01.java": "GB2312"}, {"d:\\Users\\User\\Desktop\\\u9636\u6bb5\u4e00\\1 JAVA\u5165\u95e8\\\u7b14\u8bb0&\u4ee3\u7801\\mypro01\\src\\Welcome.java": "GB2312"}, {"D:\\projects\\extra\\day01\\05.html": "UTF-8"}, {"D:\\projects\\extra\\day01\\111.html": "UTF-8"}, {"D:\\projects\\extra\\day01\\088.html": "UTF-8"}, {"D:\\projects\\extra\\day01\\077.html": "UTF-8"}, {"D:\\projects\\extra\\day01\\08.html": "UTF-8"}, {"D:\\projects\\extra\\day01\\07.html": "UTF-8"}, {"D:\\projects\\extra\\day01\\12.html": "UTF-8"}, {"D:\\projects\\extra\\day01\\11.html": "UTF-8"}, {"D:\\projects\\extra\\day01\\00.html": "UTF-8"}, {"D:\\projects\\extra\\day01\\list.html": "UTF-8"}, {"D:\\projects\\extra\\day01\\10.html": "UTF-8"}, {"D:\\projects\\extra\\day01\\06.html": "UTF-8"}, {"D:\\projects\\extra\\day02\\list.html": "UTF-8"}, {"D:\\projects\\extra\\day01\\09.html": "UTF-8"}, {"D:\\angular\\code\\day01\\07.\u5728$scope\u4e2d\u5b9a\u4e49\u65b9\u6cd5.html": "UTF-8"}, {"D:\\angular\\code\\day01\\05.$scope.html": "UTF-8"}, {"D:\\angular\\code\\day01\\06.$rootscope.html": "ASCII"}, {"D:\\angular\\code\\day01\\01.first_demo.html": "UTF-8"}, {"E:\\canvas\\shishi.html": "ASCII"}, {"E:\\canvas\\canvas\u57fa\u7840.html": "UTF-8"}, {"G:\\JavaScript\u4ee3\u7801\\day11\\08.\u5f02\u5e38Exception.html": "UTF-8"}, {"G:\\JavaScript\u4ee3\u7801\\day11\\07.\u539f\u578b\u94fe.html": "UTF-8"}, {"E:\\BaiduNetdiskDownload\\demo\\\u6c64\u8001\u5e08JS\u5907\u8bfe\u6559\u7a0b\\JavaScript\u4ee3\u7801\\day13\\\u4f5c\u4e1a.html": "UTF-8"}, {"E:\\BaiduNetdiskDownload\\demo\\\u6c64\u8001\u5e08JS\u5907\u8bfe\u6559\u7a0b\\JavaScript\u4ee3\u7801\\day06\\\u4f5c\u4e1a.html": "UTF-8"}, {"E:\\BaiduNetdiskDownload\\demo\\\u6c64\u8001\u5e08JS\u5907\u8bfe\u6559\u7a0b\\JavaScript\u4ee3\u7801\\day06\\09.\u51fd\u6570\u56de\u8c03\u65f6\u4f20\u9012\u53c2\u6570.html": "UTF-8"}, {"d:\\Users\\User\\Desktop\\gouzaohanshu.html": "UTF-8"}, {"E:\\jQuery\u5907\u8bfe\\09.\u5b50\u5143\u7d20\u8fc7\u6ee4\u9009\u62e9\u5668.html": "UTF-8"}, {"E:\\jQuery\u5907\u8bfe\\08.\u5c5e\u6027\u8fc7\u6ee4\u9009\u62e9\u5668.html": "UTF-8"}, {"D:\\\u524d\u7aef\u4e66\\CSS\u6848\u4f8b\\12.1.html": "UTF-8"}, {"d:\\Users\\User\\Desktop\\let.html": "UTF-8"}, {"E:\\jQuery\u5907\u8bfe\\JQUI\\JQcookie.html": "ASCII"}, {"E:\\VUE\\demo\\\u611f\u89c9\u81ea\u5df1\u51fd\u6570\u548c\u5bf9\u8c61\u5b66\u4f1a\u4e86\uff1f.html": "UTF-8"}, {"D:\\\u8bfe\u4ef6\\jQuery\\css\\index.css": "UTF-8"}, {"D:\\\u8bfe\u4ef6\\jQuery\\index.html": "UTF-8"}, {"D:\\\u8bfe\u4ef6\\jQuery\\js\\jQuery\u57fa\u7840.js": "ASCII"}, {"E:\\jQuery\u5907\u8bfe\\01.\u6838\u5fc3\u5e93.html": "UTF-8"}, {"D:\\\u8bfe\u4ef6\\jQuery\\content\\01.jQuery\u57fa\u7840.html": "UTF-8"}, {"D:\\\u8bfe\u4ef6\\jQuery\\css\\style.css": "ASCII"}, {"E:\\BaiduNetdiskDownload\\demo\\\u6c64\u8001\u5e08JS\u5907\u8bfe\u6559\u7a0b\\JavaScript\u4ee3\u7801\\day11\\01.\u95ed\u5305Closure.html": "UTF-8"}, {"D:\\pcpage\\index.html": "UTF-8"}, {"G:\\\u9636\u6bb5\u9879\u76ee\\\u7b2c\u4e00\u9636\u6bb5\u9879\u76ee\\02\u79fb\u52a8\u7aef\\css\\index.css": "ASCII"}, {"E:\\jQuery\u5907\u8bfe\\05.\u57fa\u672c\u8fc7\u6ee4\u9009\u62e9\u5668.html": "UTF-8"}, {"E:\\jQuery\u5907\u8bfe\\04.\u5c42\u6b21\u9009\u62e9\u5668.html": "UTF-8"}, {"E:\\jQuery\u5907\u8bfe\\06.\u5185\u5bb9\u8fc7\u6ee4.html": "UTF-8"}, {"E:\\jQuery\u5907\u8bfe\\02JQ\u8bed\u6cd5\u7279\u5f81.html": "UTF-8"}, {"E:\\jQuery\u5907\u8bfe\\02.\u57fa\u672c\u9009\u62e9\u5668.html": "UTF-8"}, {"E:\\jQuery\u5907\u8bfe\\fi.html": "UTF-8"}, {"E:\\jQuery\u5907\u8bfe\\JQnote.txt": "UTF-8"}, {"d:\\Users\\User\\Desktop\\\u524d\u7aef\u4e66\u56fe\u7247\\webstorage\u672c\u5730\u6570\u636e\u5e93.html": "UTF-8"}, {"E:\\aa\\w3cfuns_code.html": "UTF-8"}, {"C:\\Users\\User\\Downloads\\w3cfuns_code.html": "UTF-8"}, {"E:\\aa\\04.WebStorageListener.html": "UTF-8"}, {"E:\\aa\\03.WebStorage.html": "UTF-8"}, {"E:\\BaiduNetdiskDownload\\demo\\\u6c64\u8001\u5e08JS\u5907\u8bfe\u6559\u7a0b\\JavaScript\u4ee3\u7801\\day14\\04.WebStorageListener.html": "UTF-8"}, {"D:\\Users\\User\\Desktop\\\u524d\u7aef\u4e66\u56fe\u7247\\\u62d6\u653e\u5217\u8868.html": "GB2312"}, {"d:\\Users\\User\\Desktop\\\u524d\u7aef\u4e66\u56fe\u7247\\\u62d6\u62fd\u5217\u8868.html": "UTF-8"}, {"d:\\Users\\User\\Desktop\\\u524d\u7aef\u4e66\u56fe\u7247\\\u62d6\u62fd1.html": "UTF-8"}, {"d:\\Users\\User\\Desktop\\\u524d\u7aef\u4e66\u56fe\u7247\\\u7b2c\u516d\u7ae0html5\u8868\u5355\u5b9e\u4f8b.html": "UTF-8"}, {"d:\\Users\\User\\Desktop\\\u524d\u7aef\u4e66\u56fe\u7247\\6.2.html": "UTF-8"}, {"d:\\Users\\User\\Desktop\\\u524d\u7aef\u4e66\u56fe\u7247\\6.1.html": "ASCII"}, {"E:\\BaiduNetdiskDownload\\demo\\\u6c64\u8001\u5e08JS\u5907\u8bfe\u6559\u7a0b\\JavaScript\u4ee3\u7801\\day14\\\u4f5c\u4e1a.html": "UTF-8"}, {"E:\\BaiduNetdiskDownload\\demo\\\u6c64\u8001\u5e08JS\u5907\u8bfe\u6559\u7a0b\\JavaScript\u4ee3\u7801\\day14\\03.WebStorage.html": "UTF-8"}, {"E:\\aa\\01.setcookie.html": "UTF-8"}, {"E:\\JS\u5907\u8bfe\\DEMO\\day11\\prototype.html": "UTF-8"}, {"E:\\JS\u5907\u8bfe\\DEMO\\\u672c\u5730\u50a8\u5b58day14\\01.setcookie.html": "UTF-8"}, {"d:\\Users\\User\\Desktop\\\u8d2d\u7269\u8f66\\zhuye.html": "UTF-8"}]